id;tensanpham;kichthuocmatthung;kichthuocthanthung;phukien;chatlieu;baohanh;diachi;hotline
1;systemic;Bacon program;system-worthy;panel;Toys bandwidth;bandwidth Harbors paradigms;strategic Intelligent Frozen Keyboard;bandwidth
2;zero defect Ergonomic;Lead Rwanda Franc;Avon Fiji Dollar;Human service-desk Borders;distributed Implementation silver;haptic;Grass-roots;turquoise
3;Colorado;Bedfordshire fresh-thinking Tuna;robust Assistant;Senior functionalities Checking Account;ADP;Data sky blue Generic Metal Bike;Georgia Rubber Mobility;Auto Loan Account
4;system;solid state Future parse;COM;Unbranded;salmon Direct capacitor;Chicken copying bus;Rubber Syrian Arab Republic;fault-tolerant Yemen
5;Outdoors Handcrafted Rubber Gloves;value-added;Soft;Function-based static monitor;Security;Operations ability;interface;Ergonomic Awesome
6;Legacy Kenyan Shilling;B2C card;Tajikistan compressing;online;virtual Coordinator;program withdrawal Savings Account;standardization Pataca Manager;Saint Helena Forward
7;cyan;hard drive viral Executive;Senior;Unbranded Tactics Enhanced;National interface;bluetooth Investment Account;Assurance;Fantastic Western Sahara
8;Chips;innovate one-to-one compress;Oregon Frozen;scalable dot-com white;wireless Auto Loan Account;applications;cultivate Awesome;transmit backing up Open-source
9;applications Way Shoes;leading-edge Rustic;fresh-thinking Idaho payment;Tasty;Steel New Jersey Rubber;hacking impactful time-frame;Bedfordshire;Nauru Direct
10;New York radical;communities Electronics Shirt;Licensed France optimize;Tools;solution-oriented online Course;Rustic Wooden Hat;leverage New York navigate;engineer indexing Home Loan Account
