id;image;image_content_type;uuid;name
1;../fake-data/blob/hipster.png;image/png;b4d9fc5a-2b7f-40f6-8fd9-a51c1231bd17;Analyst Technician Berkshire
2;../fake-data/blob/hipster.png;image/png;7fa495a2-a293-46dd-adb7-077cc35202b6;quantify
3;../fake-data/blob/hipster.png;image/png;3480b06e-ea1b-4f0c-8935-5bb6c601f650;compressing Credit Card Account
4;../fake-data/blob/hipster.png;image/png;58ba17e9-fdd6-4f9d-a7a6-5b6d71ffb26e;Security Chair SQL
5;../fake-data/blob/hipster.png;image/png;9bf57b87-e9c8-4fc6-872b-94a307984b04;sensor Mall
6;../fake-data/blob/hipster.png;image/png;35ad777f-0261-4ff3-8311-189144348f3a;PCI Gorgeous Soft Ball deposit
7;../fake-data/blob/hipster.png;image/png;ffe21265-ffec-4971-ae63-6da69f24f7c3;customized withdrawal
8;../fake-data/blob/hipster.png;image/png;7cdfd5c5-d224-4ab7-a3f5-7273376f8a08;South Dakota Health
9;../fake-data/blob/hipster.png;image/png;5003b1d1-da40-47f1-bfbe-bef4206fb75d;multimedia Salad
10;../fake-data/blob/hipster.png;image/png;4665ebf4-61d8-44fa-8094-6e57d670b879;Missouri
